AdmissionID,VisitID,BedID,AdmissionDate,DischargeDate
1,4,11,2025-11-01T22:30:00,2025-11-04T10:00:00
2,5,1,2025-11-02T14:00:00,2025-11-06T10:00:00
3,6,12,2025-11-02T23:00:00,2025-11-05T12:00:00
4,11,4,2025-11-03T14:00:00,2025-11-07T12:00:00
5,14,9,2025-11-04T23:00:00,2025-11-07T11:00:00
6,15,4,2025-11-05T07:00:00,2025-11-06T09:00:00
7,16,7,2025-11-05T22:00:00,2025-11-06T15:00:00
8,20,4,2025-11-06T18:30:00,
9,24,2,2025-11-02T08:00:00,2025-11-05T10:00:00
10,28,11,2025-11-03T22:30:00,2025-11-06T08:00:00
11,29,4,2025-11-03T07:30:00,
12,33,7,2025-11-05T23:20:00,
13,46,7,"2025-11-02T08:00:00","2025-11-04T10:00:00"
14,50,8,"2025-11-03T07:30:00","2025-11-06T09:00:00"
15,56,11,"2025-11-05T09:00:00","2025-11-07T12:00:00"
16,60,12,"2025-11-06T10:00:00",
17,66,11,"2025-11-01T22:20:00","2025-11-03T14:00:00"
18,71,7,"2025-11-02T08:10:00","2025-11-04T09:30:00"
19,77,8,"2025-11-03T07:20:00","2025-11-06T10:00:00"
20,80,11,"2025-11-04T23:20:00","2025-11-07T11:00:00"
21,84,7,"2025-11-05T09:00:00","2025-11-07T08:00:00"
22,90,12,"2025-11-07T08:00:00",
23,85,11,"2025-11-05T22:10:00","2025-11-06T18:00:00"
24,92,1,"2025-11-01T09:30:00","2025-11-03T12:00:00"
25,95,11,"2025-11-02T21:10:00","2025-11-05T10:00:00"
26,100,2,"2025-11-03T10:00:00","2025-11-06T09:00:00"
27,103,2,"2025-11-04T07:30:00","2025-11-07T11:00:00"
28,110,7,"2025-11-05T08:20:00","2025-11-07T09:30:00"